Title,Authors,Citation,First Author,Affiliation of First Author,Journal/Book,Publication Year,DOI
Expediting pathogen genomics adoption for enhanced foodborne disease surveillance in Africa,"Kanzi AM, Smith SI, Msefula C, Mwaba J, Ajayi A, Kwenda G, Tanui CK, Smith AM, Bester LA, Derra FA, Yamba K, Banda DL, Kalule JB, Kumburu HH, Fakim YJ, Sithole N, Njage PMK, Chikuse FF, Ondoa P, Tessema SK, Foster-Nyarko E.",EBioMedicine. 2025 Jan;111:105500. doi: 10.1016/j.ebiom.2024.105500. Epub 2024 Dec 18.,Kanzi AM,,EBioMedicine,2025,10.1016/j.ebiom.2024.105500
"Increased Prevalence of Antimicrobial Resistance in Vibrio cholerae in the Capital and Provincial Areas of Zambia, January 2023-February 2024","Phiri TM, Imamura T, Mwansa PC, Mathews I, Mtine F, Chanda J, Salasini M, Funaki T, Otridah K, Musonda K, Chilengi R.",Am J Trop Med Hyg. 2025 Jan 21:tpmd240558. doi: 10.4269/ajtmh.24-0558. Online ahead of print.,Phiri TM,,Am J Trop Med Hyg,2025,10.4269/ajtmh.24-0558
"Geographic factors associated with SARS-CoV-2 prevalence during the first wave - 6 districts in Zambia, July 2020","Chanda SL, Imamura T, Malambo W, Bain R, Musuka C, Sinyange N, Hines JZ.",BMC Public Health. 2025 Jan 10;25(1):123. doi: 10.1186/s12889-025-21347-w.,Chanda SL,,BMC Public Health,2025,10.1186/s12889-025-21347-w
Antibiotic use at the Centre Hospitalier Universitaire de Zone d'Abomey Calavi/Sô-Ava (CHUZ/AS) in Benin: a point prevalence survey,"Gnimavo MS, Boya B, Mudenda S, Allabi AC.",JAC Antimicrob Resist. 2025 Jan 10;7(1):dlae220. doi: 10.1093/jacamr/dlae220. eCollection 2025 Feb.,Gnimavo MS,,JAC Antimicrob Resist,2025,10.1093/jacamr/dlae220
"Unveiling the hidden threats: a review of pathogen diversity and public health risks from bats, rodents, and non-human primates in Zambia (1990-2022)","Munjita SM, Mubemba B, Changula K, Tembo J, Hamoonga R, Bates M, Chitanga S, Munsaka S, Simulundu E.",Front Public Health. 2024 Nov 20;12:1471452. doi: 10.3389/fpubh.2024.1471452. eCollection 2024.,Munjita SM,,Front Public Health,2024,10.3389/fpubh.2024.1471452
Prevalence of subclinical pulmonary tuberculosis in adults in community settings: an individual participant data meta-analysis,"Stuck L, Klinkenberg E, Abdelgadir Ali N, Basheir Abukaraig EA, Adusi-Poku Y, Alebachew Wagaw Z, Fatima R, Kapata N, Kapata-Chanda P, Kirenga B, Maama-Maime LB, Mfinanga SG, Moyo S, Mvusi L, Nandjebo N, Nguyen HV, Nguyen HB, Obasanya J, Adedapo Olufemi B, Patrobas Dashi P, Raleting Letsie TJ, Ruswa N, Rutebemberwa E, Senkoro M, Sivanna T, Yuda HC, Law I, Onozaki I, Tiemersma E, Cobelens F; scTB Meta Investigator Group.",Lancet Infect Dis. 2024 Jul;24(7):726-736. doi: 10.1016/S1473-3099(24)00011-2. Epub 2024 Mar 12.,Stuck L,,Lancet Infect Dis,2024,10.1016/S1473-3099(24)00011-2
"Genotypic Characterisation and Antimicrobial Resistance of Extended-Spectrum β-Lactamase-Producing Escherichia coli in Humans, Animals, and the Environment from Lusaka, Zambia: Public Health Implications and One Health Surveillance","Kasanga M, Gajdács M, Muleya W, Ikhimiukor OO, Mudenda S, Kasanga M, Chizimu J, Shempela DM, Solochi BB, Mwikisa MJ, Yamba K, Andam CP, Chanda R, Chanda D, Kwenda G.",Antibiotics (Basel). 2024 Oct 10;13(10):951. doi: 10.3390/antibiotics13100951.,Kasanga M,,Antibiotics (Basel),2024,10.3390/antibiotics13100951
Evaluating the impact of COVID-19 on routine childhood immunizations coverage in Zambia,"Mwangilwa K, Chileshe C, Simwanza J, Chipoya M, Simwaba D, Kapata N, Mazaba ML, Mbewe N, Muzala K, Sinyange N, Fwemba I, Chilengi R.",PLOS Glob Public Health. 2024 Jul 30;4(7):e0003407. doi: 10.1371/journal.pgph.0003407. eCollection 2024.,Mwangilwa K,,PLOS Glob Public Health,2024,10.1371/journal.pgph.0003407
Molecular Epidemiology and AMR Perspective of Diarrhoeagenic Escherichia coli in Africa: A Systematic Review and Meta-analysis,"Kalule JB, Bester LA, Banda DL, Derra FA, Msefula C, Smith AM, Ajayi A, Kumburu H, Kwenda G, Yamba K, Mwaba J, Fakim YJ, Sithole N, Kanzi AM, Njage PMK, Chikuse F, Tessema SK, Smith SI, Foster-Nyarko E.",J Epidemiol Glob Health. 2024 Dec;14(4):1381-1396. doi: 10.1007/s44197-024-00301-w. Epub 2024 Oct 14.,Kalule JB,,J Epidemiol Glob Health,2024,10.1007/s44197-024-00301-w
Systematic review of associations between gut microbiome composition and stunting in under-five children,"Chibuye M, Mende DR, Spijker R, Simuyandi M, Luchen CC, Bosomprah S, Chilengi R, Schultsz C, Harris VC.",NPJ Biofilms Microbiomes. 2024 May 23;10(1):46. doi: 10.1038/s41522-024-00517-5.,Chibuye M,,NPJ Biofilms Microbiomes,2024,10.1038/s41522-024-00517-5
Antimicrobial stewardship situation analysis in selected hospitals in Zambia: findings and implications from a national survey,"Chizimu JY, Mudenda S, Yamba K, Lukwesa C, Chanda R, Nakazwe R, Simunyola B, Shawa M, Kalungia AC, Chanda D, Chola U, Mateele T, Thapa J, Kapolowe K, Mazaba ML, Mpundu M, Masaninga F, Azam K, Nakajima C, Suzuki Y, Bakyaita NN, Wesangula E, Matu M, Chilengi R.",Front Public Health. 2024 Sep 27;12:1367703. doi: 10.3389/fpubh.2024.1367703. eCollection 2024.,Chizimu JY,,Front Public Health,2024,10.3389/fpubh.2024.1367703
"Trends and Inequalities in Maternal and Newborn Health Services for Unplanned Settlements of Lusaka City, Zambia","Jacobs C, Musukuma M, Hamoonga R, Sikapande B, Chooye O, Wehrmeister FC, Michelo C, Blanchard AK.",J Urban Health. 2024 Nov;101(Suppl 1):125-137. doi: 10.1007/s11524-024-00837-z. Epub 2024 Mar 8.,Jacobs C,,J Urban Health,2024,10.1007/s11524-024-00837-z
"Trends, patterns and relationship of antimicrobial use and resistance in bacterial isolates tested between 2015-2020 in a national referral hospital of Zambia","Shawa M, Paudel A, Chambaro H, Kamboyi H, Nakazwe R, Alutuli L, Zorigt T, Sinyawa T, Samutela M, Chizimu J, Simbotwe M, Hayashida K, Nao N, Kajihara M, Furuta Y, Suzuki Y, Sawa H, Hang'ombe B, Higashi H.",PLoS One. 2024 Apr 16;19(4):e0302053. doi: 10.1371/journal.pone.0302053. eCollection 2024.,Shawa M,,PLoS One,2024,10.1371/journal.pone.0302053
Perspectives on development and advancement of new tuberculosis vaccines,"da Costa C, Benn CS, Nyirenda T, Mpabalwani E, Grewal HMS, Ahmed R, Kapata N, Nyasulu PS, Maeurer M, Hui DS, Goletti D, Zumla A.",Int J Infect Dis. 2024 Apr;141S:106987. doi: 10.1016/j.ijid.2024.106987. Epub 2024 Feb 26.,da Costa C,,Int J Infect Dis,2024,10.1016/j.ijid.2024.106987
"The World Health Organization Access, Watch, and Reserve classification of antibiotics: an awareness survey among pharmacy professionals in a sub-Saharan country, Zambia","Mudenda S, Wataya MD, Mufwambi W, Chizimu JY.",Antimicrob Steward Healthc Epidemiol. 2024 Dec 2;4(1):e212. doi: 10.1017/ash.2024.403. eCollection 2024.,Mudenda S,,Antimicrob Steward Healthc Epidemiol,2024,10.1017/ash.2024.403
"Reimagining community mental health: adapting interventions for culturally rich, low-resource settings","Dalal N, Chambwe C, Maila B, Chilengi R.",Lancet Psychiatry. 2024 Dec;11(12):944-945. doi: 10.1016/S2215-0366(24)00355-9. Epub 2024 Nov 5.,Dalal N,,Lancet Psychiatry,2024,10.1016/S2215-0366(24)00355-9
Challenges in addressing youth mental health - Authors' reply,"McGorry PD, Killackey E, Iyer SN, Dalal N.",Lancet Psychiatry. 2024 Dec;11(12):958-959. doi: 10.1016/S2215-0366(24)00357-2.,McGorry PD,,Lancet Psychiatry,2024,10.1016/S2215-0366(24)00357-2
"A Retrospective Analysis of Lessons Learned and Perspectives on Expansion of Verbal Autopsy Implementation in Zambia, 2023","Chanda SL, Cheelo M, Mwango C, Moyo P, Kamalonga K, Kapombe P, Chisumpa V, Tembo E, Kapina M, Chilengi R.",Am J Trop Med Hyg. 2024 Nov 12;112(1):21-25. doi: 10.4269/ajtmh.24-0302. Print 2025 Jan 8.,Chanda SL,,Am J Trop Med Hyg,2024,10.4269/ajtmh.24-0302
"Multisectoral approach for the control of cholera outbreak - lessons and challenges from Lusaka district - Zambia, October 2023 - February 2024","Kateule E, Nzila O, Ngosa W, Mfume F, Shimangwala C, Gama A, Msiska S.",Pan Afr Med J. 2024 May 24;48:19. doi: 10.11604/pamj.2024.48.19.43659. eCollection 2024.,Kateule E,,Pan Afr Med J,2024,10.11604/pamj.2024.48.19.43659
New Vibrio cholerae sequences from Eastern and Southern Africa alter our understanding of regional cholera transmission,"Xiao S, Abade A, Boru W, Kasambara W, Mwaba J, Ongole F, Mmanywa M, Trovão NS, Chilengi R, Kwenda G, Orach CG, Chibwe I, Bwire G, Stine OC, Milstone AM, Lessler J, Azman AS, Luo W, Murt K, Sack DA, Debes AK, Wohl S.",medRxiv [Preprint]. 2024 Mar 30:2024.03.28.24302717. doi: 10.1101/2024.03.28.24302717.,Xiao S,,medRxiv,2024,10.1101/2024.03.28.24302717
Wastewater Surveillance of SARS-CoV-2 in Zambia: An Early Warning Tool,"Shempela DM, Muleya W, Mudenda S, Daka V, Sikalima J, Kamayani M, Sandala D, Chipango C, Muzala K, Musonda K, Chizimu JY, Mulenga C, Kapona O, Kwenda G, Kasanga M, Njuguna M, Cham F, Simwaka B, Morrison L, Muma JB, Saasa N, Sichinga K, Simulundu E, Chilengi R.",Int J Mol Sci. 2024 Aug 14;25(16):8839. doi: 10.3390/ijms25168839.,Shempela DM,,Int J Mol Sci,2024,10.3390/ijms25168839
"An assessment of excess mortality during the COVID-19 pandemic, a retrospective post-mortem surveillance in 12 districts - Zambia, 2020-2022","Chanda SL, Hines JZ, Malambo W, Hamukale A, Kapata N, Sinyange N, Kapina M, Mucheleng'anga LA, Chilengi R.",BMC Public Health. 2024 Sep 27;24(1):2625. doi: 10.1186/s12889-024-20045-3.,Chanda SL,,BMC Public Health,2024,10.1186/s12889-024-20045-3
"COVID-19 mortality sentinel surveillance at a tertiary referral hospital in Lusaka, Zambia, 2020-2021","Hines JZ, Kapombe P, Mucheleng'anga A, Chanda SL, Hamukale A, Cheelo M, Kamalonga K, Tally L, Monze M, Kapina M, Agolory S, Auld AF, Lungu P, Chilengi R.",PLOS Glob Public Health. 2024 Mar 29;4(3):e0003063. doi: 10.1371/journal.pgph.0003063. eCollection 2024.,Hines JZ,,PLOS Glob Public Health,2024,10.1371/journal.pgph.0003063
"Survival analysis of patients with cholera admitted to treatment centres in Lusaka, Zambia","Mbewe N, Mwangilwa K, Tembo J, Grobusch MP, Kapata N.",Lancet Infect Dis. 2024 Aug;24(8):e473-e474. doi: 10.1016/S1473-3099(24)00361-X. Epub 2024 Jun 12.,Mbewe N,,Lancet Infect Dis,2024,10.1016/S1473-3099(24)00361-X
Impact of a hub-and-spoke approach to hospital antimicrobial stewardship programmes on antibiotic use in Zambia,"Kalungia AC, Kampamba M, Banda D, Bambala AM, Marshall S, Newport M, Clair-Jones AS, Alutuli L, Chambula E, Munsaka L, Hamachila A, Mwila C, Chanda D, Chizimu J, Chilengi R, Okorie M.",JAC Antimicrob Resist. 2024 Nov 5;6(6):dlae178. doi: 10.1093/jacamr/dlae178. eCollection 2024 Dec.,Kalungia AC,,JAC Antimicrob Resist,2024,10.1093/jacamr/dlae178
A Situation Analysis of the Capacity of Laboratories in Faith-Based Hospitals in Zambia to Conduct Surveillance of Antimicrobial Resistance: Opportunities to Improve Diagnostic Stewardship,"Shempela DM, Mudenda S, Kasanga M, Daka V, Kangongwe MH, Kamayani M, Sikalima J, Yankonde B, Kasonde CB, Nakazwe R, Mwandila A, Cham F, Njuguna M, Simwaka B, Morrison L, Chizimu JY, Muma JB, Chilengi R, Sichinga K.",Microorganisms. 2024 Aug 17;12(8):1697. doi: 10.3390/microorganisms12081697.,Shempela DM,,Microorganisms,2024,10.3390/microorganisms12081697
Drug resistance profiles of Mycobacterium tuberculosis clinical isolates by genotype MTBDRplus line probe assay in Zambia: findings and implications,"Kangongwe MH, Mwanza W, Mwamba M, Mwenya J, Muzyamba J, Mzyece J, Hamukale A, Tembo E, Nsama D, Chimzizi R, Mubanga A, Tambatamba B, Mudenda S, Lishimpi K.",JAC Antimicrob Resist. 2024 Jul 25;6(4):dlae122. doi: 10.1093/jacamr/dlae122. eCollection 2024 Aug.,Kangongwe MH,,JAC Antimicrob Resist,2024,10.1093/jacamr/dlae122
Risk factors associated with neonatal mortality among neonates admitted to neonatal intensive care unit of the University Teaching Hospital in Lusaka,"Tembo D, Abobo FDN, Kaonga P, Jacobs C, Bessing B.",Sci Rep. 2024 Mar 4;14(1):5231. doi: 10.1038/s41598-024-56020-6.,Tembo D,,Sci Rep,2024,10.1038/s41598-024-56020-6
"Detection of Human Adenovirus and Rotavirus in Wastewater in Lusaka, Zambia: Demonstrating the Utility of Environmental Surveillance for the Community","Saasa N, M'kandawire E, Ndebe J, Mwenda M, Chimpukutu F, Mukubesa AN, Njobvu F, Shempela DM, Sikalima J, Chiyesu C, Muvwanga B, Nampokolwe SM, Sulwe C, Khondiwa T, Jennings T, Kamanga A, Simulundu E, Mulube C, Mwasinga W, Mumeka J, Simwanza J, Sakubita P, Kapona O, Mulenga CSA, Chipoya M, Musonda K, Kapata N, Sinyange N, Kapina M, Siwila J, Shawa M, Kajihara M, Takada A, Sawa H, Choonga SA, Chilengi R, Muyunda E, Nalubamba KS, Hang'ombe BM.",Pathogens. 2024 Jun 7;13(6):486. doi: 10.3390/pathogens13060486.,Saasa N,,Pathogens,2024,10.3390/pathogens13060486
"Trends in SARS-CoV-2 seroprevalence among pregnant women attending first antenatal care visits in Zambia: A repeated cross-sectional survey, 2021-2022","Heilmann E, Tembo T, Fwoloshi S, Kabamba B, Chilambe F, Kalenga K, Siwingwa M, Mulube C, Seffren V, Bolton-Moore C, Simwanza J, Yingst S, Yadav R, Rogier E, Auld AF, Agolory S, Kapina M, Gutman JR, Savory T, Kangale C, Mulenga LB, Sikazwe I, Hines JZ.",PLOS Glob Public Health. 2024 Apr 3;4(4):e0003073. doi: 10.1371/journal.pgph.0003073. eCollection 2024.,Heilmann E,,PLOS Glob Public Health,2024,10.1371/journal.pgph.0003073
Antimicrobial Use Survey and Detection of ESBL-Escherichia coli in Commercial and Medium-/Small-Scale Poultry Farms in Selected Districts of Zambia,"Sinyawa T, Shawa M, Muuka GM, Goma F, Fandamu P, Chizimu JY, Khumalo CS, Mulavu M, Ngoma M, Chambaro HM, Kamboyi HK, Kajihara M, Sawa H, Suzuki Y, Higashi H, Mainda G, Munyeme M, Muma JB, Nyantakyi CO, Egyir B, Hang'ombe BM.",Antibiotics (Basel). 2024 May 20;13(5):467. doi: 10.3390/antibiotics13050467.,Sinyawa T,,Antibiotics (Basel),2024,10.3390/antibiotics13050467
"Knowledge, awareness and practices of healthcare workers regarding antimicrobial use, resistance and stewardship in Zambia: a multi-facility cross-sectional study","Mudenda S, Chabalenge B, Daka V, Jere E, Sefah I, Wesangula E, Yamba K, Nyamupachitu J, Mugenyi N, Mustafa ZU, Mpundu M, Chizimu J, Chilengi R.",JAC Antimicrob Resist. 2024 May 17;6(3):dlae076. doi: 10.1093/jacamr/dlae076. eCollection 2024 Jun.,Mudenda S,,JAC Antimicrob Resist,2024,10.1093/jacamr/dlae076
Comparative analysis of cholera serum vibriocidal antibodies from Convalescent and vaccinated adults in Zambia,"Ng'ombe H, Bosomprah S, Phiri B, Muchimba M, Liswaniso F, Chibuye M, Luchen CC, Chibesa K, Musukuma-Chifulo K, Mwape K, Tigere S, Silwamba S, Sinkala A, Simuyandi M, Mbewe N, Kapaya F, Cunningham AF, Chilengi R, Sack D, Chisenga CC.",Vaccine. 2024 Aug 13;42(20):125979. doi: 10.1016/j.vaccine.2024.05.027. Epub 2024 May 17.,Ng'ombe H,,Vaccine,2024,10.1016/j.vaccine.2024.05.027
"Observational study on the characteristics of COVID-19 transmission dynamics during the first wave of the epidemic in Lusaka, Zambia","Phiri M, Imamura T, Sakubita P, Langa N, Mulenga M, Mulenga MM, Kapapi G, Mwamba M, Nalwimba J, Tembo D, Keembe K, Moompizho K, Kayeyi N, Ngosa W, Simwaba D, Zulu PM, Kapaya F, Hamoonga R, Mazaba ML, Sinyange N, Kapina M, Nagata C, Kapata N, Ishiguro A, Mukonka V.",Pan Afr Med J. 2024 Jun 4;48:42. doi: 10.11604/pamj.2024.48.42.36724. eCollection 2024.,Phiri M,,Pan Afr Med J,2024,10.11604/pamj.2024.48.42.36724
Detection and Characterisation of SARS-CoV-2 in Eastern Province of Zambia: A Retrospective Genomic Surveillance Study,"Shempela DM, Chambaro HM, Sikalima J, Cham F, Njuguna M, Morrison L, Mudenda S, Chanda D, Kasanga M, Daka V, Kwenda G, Musonda K, Munsaka S, Chilengi R, Sichinga K, Simulundu E.",Int J Mol Sci. 2024 Jun 7;25(12):6338. doi: 10.3390/ijms25126338.,Shempela DM,,Int J Mol Sci,2024,10.3390/ijms25126338
"EsxA, a type VII secretion system-dependent effector, reveals a novel function in the sporulation of Bacillus cereus ATCC14579","Kamboyi HK, Paudel A, Shawa M, Sugawara M, Zorigt T, Chizimu JY, Kitao T, Furuta Y, Hang'ombe BM, Munyeme M, Higashi H.",BMC Microbiol. 2024 Sep 17;24(1):351. doi: 10.1186/s12866-024-03492-1.,Kamboyi HK,,BMC Microbiol,2024,10.1186/s12866-024-03492-1
"Author Correction: Using mortuary and burial data to place COVID-19 in Lusaka, Zambia within a global context","Sheppard RJ, Watson OJ, Pieciak R, Lungu J, Kwenda G, Moyo C, Chanda SL, Barnsley G, Brazeau NF, Gerard-Ursin ICG, Olivera Mesa D, Whittaker C, Gregson S, Okell LC, Ghani AC, MacLeod WB, Del Fava E, Melegaro A, Hines JZ, Mulenga LB, Walker PGT, Mwananyanda L, Gill CJ.",Nat Commun. 2024 Mar 12;15(1):2213. doi: 10.1038/s41467-024-44940-w.,Sheppard RJ,,Nat Commun,2024,10.1038/s41467-024-44940-w
Assessment of antimicrobial resistance laboratory-based surveillance capacity of hospitals in Zambia: findings and implications for system strengthening,"Yamba K, Chizimu JY, Mudenda S, Lukwesa C, Chanda R, Nakazwe R, Simunyola B, Shawa M, Kalungia AC, Chanda D, Mateele T, Thapa J, Kapolowe K, Mazaba ML, Mpundu M, Masaninga F, Azam K, Nakajima C, Suzuki Y, Bakyaita NN, Wesangula E, Matu M, Chilengi R.",J Hosp Infect. 2024 Jun;148:129-137. doi: 10.1016/j.jhin.2024.03.014. Epub 2024 Apr 15.,Yamba K,,J Hosp Infect,2024,10.1016/j.jhin.2024.03.014
Antibiotic use and adherence to the WHO AWaRe guidelines across 16 hospitals in Zambia: a point prevalence survey,"Chizimu JY, Mudenda S, Yamba K, Lukwesa C, Chanda R, Nakazwe R, Shawa M, Chambaro H, Kamboyi HK, Kalungia AC, Chanda D, Fwoloshi S, Jere E, Mufune T, Munkombwe D, Lisulo P, Mateele T, Thapa J, Kapolowe K, Sinyange N, Sialubanje C, Kapata N, Mpundu M, Masaninga F, Azam K, Nakajima C, Siyanga M, Bakyaita NN, Wesangula E, Matu M, Suzuki Y, Chilengi R.",JAC Antimicrob Resist. 2024 Oct 24;6(5):dlae170. doi: 10.1093/jacamr/dlae170. eCollection 2024 Oct.,Chizimu JY,,JAC Antimicrob Resist,2024,10.1093/jacamr/dlae170
Use what you have: leveraging microbiology support to develop a cumulative antibiotic susceptibility report for antimicrobial stewardship at a district hospital in Ghana,"Bosu B, Amponsah OKO, Tawiah P, Darko E, Abruquah NA, Osafo AB, Sarkodie E, Buabeng NB, Kapona O, Owusu-Ofori A, Buabeng KO, Ayisi-Boateng NK.",JAC Antimicrob Resist. 2024 Aug 21;6(4):dlae129. doi: 10.1093/jacamr/dlae129. eCollection 2024 Aug.,Bosu B,,JAC Antimicrob Resist,2024,10.1093/jacamr/dlae129
"Antibiotic prescribing patterns and carriage of antibiotic-resistant Escherichia coli and Enterococcus species in healthy individuals from selected communities in Lusaka and Ndola districts, Zambia","Yamba K, Mudenda S, Mpabalwani E, Mainda G, Mukuma M, Samutela MT, Lukwesa C, Chizimu J, Kaluba CK, Mutalange M, Chilengi R, Muma JB.",JAC Antimicrob Resist. 2024 Mar 5;6(2):dlae027. doi: 10.1093/jacamr/dlae027. eCollection 2024 Apr.,Yamba K,,JAC Antimicrob Resist,2024,10.1093/jacamr/dlae027
"Pandemic burden in low-income settings and impact of limited and delayed interventions: A granular modelling analysis of COVID-19 in Kabwe, Zambia","Perez-Guzman PN, Chanda SL, Schaap A, Shanaube K, Baguelin M, Nyangu ST, Kanyanga MK, Walker P, Ayles H, Chilengi R, Verity R, Hauck K, Knock ES, Cori A.",Int J Infect Dis. 2024 Oct;147:107182. doi: 10.1016/j.ijid.2024.107182. Epub 2024 Jul 26.,Perez-Guzman PN,,Int J Infect Dis,2024,10.1016/j.ijid.2024.107182
Benefits and challenges of consolidating public health functions into a National Public Health Institute: a policy analysis,"Carnevale CR, Woldetsadik MA, Shiver A, Gutierrez M, Chhea C, Ilori E, Jani I, MaCauley J, Mukonka V, Nsanzimana S, Ospina ML, Raji T, Spotts Whitney EA, Bratton S.",Health Policy Plan. 2023 Mar 16;38(3):342-350. doi: 10.1093/heapol/czac102.,Carnevale CR,,Health Policy Plan,2023,10.1093/heapol/czac102
Global and regional governance of One Health and implications for global health security,"Elnaiem A, Mohamed-Ahmed O, Zumla A, Mecaskey J, Charron N, Abakar MF, Raji T, Bahalim A, Manikam L, Risk O, Okereke E, Squires N, Nkengasong J, Rüegg SR, Abdel Hamid MM, Osman AY, Kapata N, Alders R, Heymann DL, Kock R, Dar O.",Lancet. 2023 Feb 25;401(10377):688-704. doi: 10.1016/S0140-6736(22)01597-5. Epub 2023 Jan 19.,Elnaiem A,,Lancet,2023,10.1016/S0140-6736(22)01597-5
Education and Awareness on Antimicrobial Resistance in the WHO African Region: A Systematic Review,"Fuller W, Kapona O, Aboderin AO, Adeyemo AT, Olatunbosun OI, Gahimbare L, Ahmed YA.",Antibiotics (Basel). 2023 Nov 10;12(11):1613. doi: 10.3390/antibiotics12111613.,Fuller W,,Antibiotics (Basel),2023,10.3390/antibiotics12111613
Predicting Mortality in Hospitalized COVID-19 Patients in Zambia: An Application of Machine Learning,"Mulenga C, Kaonga P, Hamoonga R, Mazaba ML, Chabala F, Musonda P.",Glob Health Epidemiol Genom. 2023 May 22;2023:8921220. doi: 10.1155/2023/8921220. eCollection 2023.,Mulenga C,,Glob Health Epidemiol Genom,2023,10.1155/2023/8921220
Characteristics of cases and deaths arising from SARS-CoV-2 infection in Zambia: March 2020 to April 2021,"Chanda SL, Tembo E, Sinyange N, Kayeyi N, Musonda K, Chewe O, Kasonde M, Kapona O, Ngomah A, Hamukale A, Zulu PM, Kapina M.",Pan Afr Med J. 2023 Aug 10;45:155. doi: 10.11604/pamj.2023.45.155.32018. eCollection 2023.,Chanda SL,,Pan Afr Med J,2023,10.11604/pamj.2023.45.155.32018
"Seroprevalence survey of SARS-CoV-2, community behaviors, and practices in Kansanshi and Kalumbila mining towns","Mumba TK, Merwe KV, Divall M, Mwangilwa K, Kayeyi N.",Front Public Health. 2023 Sep 20;11:1103133. doi: 10.3389/fpubh.2023.1103133. eCollection 2023.,Mumba TK,,Front Public Health,2023,10.3389/fpubh.2023.1103133
"Antimicrobial Resistance Patterns and Risk Factors Associated with ESBL-Producing and MDR Escherichia coli in Hospital and Environmental Settings in Lusaka, Zambia: Implications for One Health, Antimicrobial Stewardship and Surveillance Systems","Kasanga M, Kwenda G, Wu J, Kasanga M, Mwikisa MJ, Chanda R, Mupila Z, Yankonde B, Sikazwe M, Mwila E, Shempela DM, Solochi BB, Phiri C, Mudenda S, Chanda D.",Microorganisms. 2023 Jul 31;11(8):1951. doi: 10.3390/microorganisms11081951.,Kasanga M,,Microorganisms,2023,10.3390/microorganisms11081951
Impact of antibiotics on gut microbiome composition and resistome in the first years of life in low- to middle-income countries: A systematic review,"Luchen CC, Chibuye M, Spijker R, Simuyandi M, Chisenga C, Bosomprah S, Chilengi R, Schultsz C, Mende DR, Harris VC.",PLoS Med. 2023 Jun 27;20(6):e1004235. doi: 10.1371/journal.pmed.1004235. eCollection 2023 Jun.,Luchen CC,,PLoS Med,2023,10.1371/journal.pmed.1004235
Uptake of four or more doses of sulfadoxine pyrimethamine for intermittent preventive treatment of malaria during pregnancy in Zambia: findings from the 2018 malaria in pregnancy survey,"Sinyange D, Mukumbuta N, Mutale LS, Mumbole H, Hamainza B, Sialubanje C.",BMJ Open. 2023 May 26;13(5):e073287. doi: 10.1136/bmjopen-2023-073287.,Sinyange D,,BMJ Open,2023,10.1136/bmjopen-2023-073287
An evaluation of the early impact of the COVID-19 pandemic on Zambia's routine immunization program,"Winter AK, Takahashi S, Carcelen AC, Hayford K, Mutale W, Mwansa FD, Sinyange N, Ngula D, Moss WJ, Mutembo S.",PLOS Glob Public Health. 2023 May 2;3(5):e0000554. doi: 10.1371/journal.pgph.0000554. eCollection 2023.,Winter AK,,PLOS Glob Public Health,2023,10.1371/journal.pgph.0000554
"Euvichol-plus vaccine campaign coverage during the 2017/2018 cholera outbreak in Lusaka district, Zambia: a cross-sectional descriptive study","Mukonka VM, Sialubanje C, Matapo BB, Chewe O, Ngomah AM, Ngosa W, Hamoonga R, Sinyange N, Mzyece H, Mazyanga L, Bakyaita N, Kapata N.",BMJ Open. 2023 Oct 5;13(10):e070796. doi: 10.1136/bmjopen-2022-070796.,Mukonka VM,,BMJ Open,2023,10.1136/bmjopen-2022-070796
"Test negative case-control study of COVID-19 vaccine effectiveness for symptomatic SARS-CoV-2 infection among healthcare workers: Zambia, 2021-2022","Mweso O, Simwanza J, Malambo W, Banda D, Fwoloshi S, Sinyange N, Yoo YM, Feldstein LR, Kapina M, Mulenga LB, Liwewe MM, Musonda K, Kapata N, Mwansa FD, Agolory S, Bobo P, Hines J, Chilengi R.",BMJ Open. 2023 Dec 10;13(12):e072144. doi: 10.1136/bmjopen-2023-072144.,Mweso O,,BMJ Open,2023,10.1136/bmjopen-2023-072144
Prevalence and Factors Associated with Tobacco Smoking in a National Representative Sample of Zambian Adults: Data from the 2017 STEPS - NCDs Survey,"Zyambo C, Olowski P, Mulenga D, Syapiila P, Mazaba Liwewe M, Hazemba A, Halwiindi H, Siziya S.",Asian Pac J Cancer Prev. 2023 Jan 1;24(1):111-119. doi: 10.31557/APJCP.2023.24.1.111.,Zyambo C,,Asian Pac J Cancer Prev,2023,10.31557/APJCP.2023.24.1.111
Impact of the COVID-19 Pandemic on Tuberculosis Testing and Treatment at a Tertiary Hospital in Zambia,"Rosser JI, Phiri C, Bramante JT, Fwoloshi S, Kankasa C, Lungu P, Chanda R, Chipimo P, Mulenga L, Claassen CW, Chanda D.",Am J Trop Med Hyg. 2023 Mar 13;108(5):911-915. doi: 10.4269/ajtmh.22-0689. Print 2023 May 3.,Rosser JI,,Am J Trop Med Hyg,2023,10.4269/ajtmh.22-0689
The UTH-UMB Global Health Education Collaboration: Building a Bidirectional Exchange Based on Equity and Reciprocity,"Mupeta F, Sivile S, Toeque MG, Fwoloshi S, Zulu PM, Chanda D, Mbewe N, Mwitumwa M, Chanda C, Kandiwo N, Ziko L, Mwansa T, Matibula P, Mugala A, Traver EC, Tripathi RK, Heil EL, Patel DM, Riedel DJ, Hachaambwa L, Mulenga L, Claassen CW.",Ann Glob Health. 2023 Aug 11;89(1):52. doi: 10.5334/aogh.3718. eCollection 2023.,Mupeta F,,Ann Glob Health,2023,10.5334/aogh.3718
Ecological Niche Modeling of Aedes and Culex Mosquitoes: A Risk Map for Chikungunya and West Nile Viruses in Zambia,"Velu RM, Kwenda G, Bosomprah S, Chisola MN, Simunyandi M, Chisenga CC, Bumbangi FN, Sande NC, Simubali L, Mburu MM, Tembo J, Bates M, Simuunza MC, Chilengi R, Orba Y, Sawa H, Simulundu E.",Viruses. 2023 Sep 8;15(9):1900. doi: 10.3390/v15091900.,Velu RM,,Viruses,2023,10.3390/v15091900
Evaluation of the Acute flaccid paralysis surveillance indicators in Zambia from 2015-2021: a retrospective analysis,"Bessing B, Dagoe EA, Tembo D, Mwangombe A, Kanyanga MK, Manneh F, Matapo BB, Bobo PM, Chipoya M, Eboh VA, Kayeye PL, Masumbu PK, Muzongwe C, Bakyaita NN, Zomahoun D, Tuma JN.",BMC Public Health. 2023 Nov 12;23(1):2227. doi: 10.1186/s12889-023-17141-1.,Bessing B,,BMC Public Health,2023,10.1186/s12889-023-17141-1
Nonpharmaceutical interventions reduce the incidence and mortality of COVID-19: A study based on the survey from the International COVID-19 Research Network (ICRN),"Park SH, Hong SH, Kim K, Lee SW, Yon DK, Jung SJ, Abdeen Z, Ghayda RA, Ahmed MLCB, Serouri AA, Al-Herz W, Al-Shamsi HO, Ali S, Ali K, Baatarkhuu O, Nielsen HB, Bernini-Carri E, Bondarenko A, Cassell A, Cham A, Chua MLK, Dadabhai S, Darre T, Davtyan H, Dragioti E, East B, Edwards RJ, Ferioli M, Georgiev T, Ghandour LA, Harapan H, Hsueh PR, Mallah SI, Ikram A, Inoue S, Jacob L, Janković SM, Jayarajah U, Jesenak M, Kakodkar P, Kapata N, Kebede Y, Khader Y, Kifle M, Koh D, Maleš VK, Kotfis K, Koyanagi A, Kretchy JP, Lakoh S, Lee J, Lee JY, Mendonça MDLL, Ling L, Llibre-Guerra J, Machida M, Makurumidze R, Memish ZA, Mendoza I, Moiseev S, Nadasdy T, Nahshon C, Ñamendys-Silva SA, Yongsi BN, Nicolasora AD, Nugmanova Z, Oh H, Oksanen A, Owopetu O, Ozguler ZO, Parperis K, Perez GE, Pongpirul K, Rademaker M, Radojevic N, Roca A, Rodriguez-Morales AJ, Roshi E, Saeed KMI, Sah R, Sakakushev B, Sallam DE, Sathian B, Schober P, Ali PSS, Simonović Z, Singhal T, Skhvitaridze N, Solmi M, Subbaram K, Tizaoui K, Tlhakanelo JT, Torales J, Torres-Roman JS, Tsartsalis D, Tsolmon J, Vieira DN, Rosa SGV, Wanghi G, Wollina U, et al.",J Med Virol. 2023 Feb;95(2):e28354. doi: 10.1002/jmv.28354.,Park SH,,J Med Virol,2023,10.1002/jmv.28354
"Antifungal resistance and stewardship: a knowledge, attitudes and practices survey among pharmacy students at the University of Zambia; findings and implications","Mudenda S, Matafwali SK, Mukosha M, Daka V, Chabalenge B, Chizimu J, Yamba K, Mufwambi W, Banda P, Chisha P, Mulenga F, Phiri M, Mfune RL, Kasanga M, Sartelli M, Saleem Z, Godman B.",JAC Antimicrob Resist. 2023 Dec 21;5(6):dlad141. doi: 10.1093/jacamr/dlad141. eCollection 2023 Dec.,Mudenda S,,JAC Antimicrob Resist,2023,10.1093/jacamr/dlad141
"Using mortuary and burial data to place COVID-19 in Lusaka, Zambia within a global context","Sheppard RJ, Watson OJ, Pieciak R, Lungu J, Kwenda G, Moyo C, Chanda SL, Barnsley G, Brazeau NF, Gerard-Ursin ICG, Olivera Mesa D, Whittaker C, Gregson S, Okell LC, Ghani AC, MacLeod WB, Del Fava E, Melegaro A, Hines JZ, Mulenga LB, Walker PGT, Mwananyanda L, Gill CJ.",Nat Commun. 2023 Jun 29;14(1):3840. doi: 10.1038/s41467-023-39288-6.,Sheppard RJ,,Nat Commun,2023,10.1038/s41467-023-39288-6
Characterizing Epstein-Barr virus infection of the central nervous system in Zambian adults living with HIV,"Musukuma-Chifulo K, Ghebremichael M, Chilyabanyama ON, Bates M, Munsaka S, Simuyandi M, Chisenga C, Tembo J, Sinkala E, Koralnik IJ, Dang X, Chilengi R, Siddiqi OK.",J Neurovirol. 2023 Dec;29(6):706-712. doi: 10.1007/s13365-023-01178-4. Epub 2023 Oct 30.,Musukuma-Chifulo K,,J Neurovirol,2023,10.1007/s13365-023-01178-4
Factors associated with intention to smoke cigarettes among never smoker school going adolescents in Zambia,"Syapiila P, Mulenga D, Mazaba M, Njunju E, Zyambo C, Chongwe G, Siziya S.",Afr Health Sci. 2023 Mar;23(1):596-605. doi: 10.4314/ahs.v23i1.63.,Syapiila P,,Afr Health Sci,2023,10.4314/ahs.v23i1.63
Africa CDC's blueprint to enhance early warning surveillance: accelerating implementation of event-based surveillance in Africa,"Mercy K, Balajee A, Numbere TW, Ngere P, Simwaba D, Kebede Y.",J Public Health Afr. 2023 Aug 11;14(8):2827. doi: 10.4081/jphia.2023.2827. eCollection 2023 Aug 7.,Mercy K,,J Public Health Afr,2023,10.4081/jphia.2023.2827
Estimation of the completeness of road traffic mortality data in Zambia using a three source capture recapture method,"Mwale M, Mwangilwa K, Kakoma E, Iaych K.",Accid Anal Prev. 2023 Jun;186:107048. doi: 10.1016/j.aap.2023.107048. Epub 2023 Mar 31.,Mwale M,,Accid Anal Prev,2023,10.1016/j.aap.2023.107048
"Genomic Analysis of Mycobacterium tuberculosis Strains Resistant to Second-Line Anti-Tuberculosis Drugs in Lusaka, Zambia","Chizimu JY, Solo ES, Bwalya P, Kapalamula TF, Mwale KK, Squarre D, Shawa M, Lungu P, Barnes DA, Yamba K, Mufune T, Chambaro H, Kamboyi H, Munyeme M, Hang'ombe BM, Kapata N, Mukonka V, Chilengi R, Thapa J, Nakajima C, Suzuki Y.",Antibiotics (Basel). 2023 Jun 29;12(7):1126. doi: 10.3390/antibiotics12071126.,Chizimu JY,,Antibiotics (Basel),2023,10.3390/antibiotics12071126
Insight into the genetic diversity of Mycobacterium bovis isolated from cattle in Malawi,"Kapalamula TF, Chizimu JY, Akapelwa ML, Barnes DA, Toyting J, Bwalya P, Basikolo L, Squarre D, Chambaro HM, Gordon SV, Thapa J, Nakajima C, Suzuki Y.",Res Vet Sci. 2023 Nov;164:105030. doi: 10.1016/j.rvsc.2023.105030. Epub 2023 Sep 27.,Kapalamula TF,,Res Vet Sci,2023,10.1016/j.rvsc.2023.105030
"Knowledge, attitude, and practices toward infection prevention and control among undergraduate pharmacy students in Zambia: findings and implications","Mudenda S, Chizimu J, Chabalenge B, Kasanga M, Matafwali SK, Daka V, Yamba K, Mulomba M, Mufwambi W, Katowa-Mukwato P, Godman B.",Antimicrob Steward Healthc Epidemiol. 2023 Sep 11;3(1):e154. doi: 10.1017/ash.2023.428. eCollection 2023.,Mudenda S,,Antimicrob Steward Healthc Epidemiol,2023,10.1017/ash.2023.428
Superimposed Pulmonary Tuberculosis (PTB) in a 26-Year-Old Female with No Underlying Co-Morbidities Recovering from COVID-19-Case Report,"Njekwa K, Muyoyeta M, Mulenga B, Chisenga CC, Simuyandi M, Chilengi R.",Trop Med Infect Dis. 2023 May 8;8(5):268. doi: 10.3390/tropicalmed8050268.,Njekwa K,,Trop Med Infect Dis,2023,10.3390/tropicalmed8050268
"Antimicrobial stewardship: knowledge, attitudes and practices regarding antimicrobial use and resistance among non-healthcare students at the University of Zambia","Mudenda S, Chisha P, Chabalenge B, Daka V, Mfune RL, Kasanga M, Kampamba M, Skosana P, Nsofu E, Hangoma J, Siachalinga L, Hikaambo CN, Chimombe T, Allabi AC, Boya B, Mufwambi W, Saleem Z, Matafwali SK.",JAC Antimicrob Resist. 2023 Nov 7;5(6):dlad116. doi: 10.1093/jacamr/dlad116. eCollection 2023 Dec.,Mudenda S,,JAC Antimicrob Resist,2023,10.1093/jacamr/dlad116
"Qualitative evaluation of enabling factors and barriers to the success and sustainability of national public health institutes in Cambodia, Colombia, Liberia, Mozambique, Nigeria, Rwanda and Zambia","Woldetsadik MA, Bratton S, Fitzpatrick K, Ravat F, Del Castillo L, McIntosh KJ, Jarvis D, Carnevale CR, Cassell CH, Chhea C, Prieto Alvarado F, MaCauley J, Jani I, Ilori E, Nsanzimana S, Mukonka VM, Baggett HC.",BMJ Open. 2022 Apr 1;12(4):e056767. doi: 10.1136/bmjopen-2021-056767.,Woldetsadik MA,,BMJ Open,2022,10.1136/bmjopen-2021-056767
Preventing pellagra during isoniazid preventive treatment,"Kapata N, Zumla A.",Lancet Glob Health. 2022 May;10(5):e600-e601. doi: 10.1016/S2214-109X(22)00163-2.,Kapata N,,Lancet Glob Health,2022,10.1016/S2214-109X(22)00163-2
Understanding the Evolving Role of Voluntary Medical Male Circumcision as a Public Health Strategy in Eastern and Southern Africa: Opportunities and Challenges,"Bershteyn A, Mudimu E, Platais I, Mwalili S, Zulu JE, Mwanza WN, Kripke K.",Curr HIV/AIDS Rep. 2022 Dec;19(6):526-536. doi: 10.1007/s11904-022-00639-5. Epub 2022 Dec 2.,Bershteyn A,,Curr HIV/AIDS Rep,2022,10.1007/s11904-022-00639-5
The evolving SARS-CoV-2 epidemic in Africa: Insights from rapidly expanding genomic surveillance,"Tegally H, San JE, Cotten M, Moir M, Tegomoh B, Mboowa G, Martin DP, Baxter C, Lambisia AW, Diallo A, Amoako DG, Diagne MM, Sisay A, Zekri AN, Gueye AS, Sangare AK, Ouedraogo AS, Sow A, Musa AO, Sesay AK, Abias AG, Elzagheid AI, Lagare A, Kemi AS, Abar AE, Johnson AA, Fowotade A, Oluwapelumi AO, Amuri AA, Juru A, Kandeil A, Mostafa A, Rebai A, Sayed A, Kazeem A, Balde A, Christoffels A, Trotter AJ, Campbell A, Keita AK, Kone A, Bouzid A, Souissi A, Agweyu A, Naguib A, Gutierrez AV, Nkeshimana A, Page AJ, Yadouleton A, Vinze A, Happi AN, Chouikha A, Iranzadeh A, Maharaj A, Batchi-Bouyou AL, Ismail A, Sylverken AA, Goba A, Femi A, Sijuwola AE, Marycelin B, Salako BL, Oderinde BS, Bolajoko B, Diarra B, Herring BL, Tsofa B, Lekana-Douki B, Mvula B, Njanpop-Lafourcade BM, Marondera BT, Khaireh BA, Kouriba B, Adu B, Pool B, McInnis B, Brook C, Williamson C, Nduwimana C, Anscombe C, Pratt CB, Scheepers C, Akoua-Koffi CG, Agoti CN, Mapanguy CM, Loucoubar C, Onwuamah CK, Ihekweazu C, Malaka CN, Peyrefitte C, Grace C, Omoruyi CE, Rafaï CD, Morang'a CM, Erameh C, Lule DB, Bridges DJ, Mukadi-Bamuleka D, Park D, Rasmussen DA, et al.",Science. 2022 Oct 7;378(6615):eabq5358. doi: 10.1126/science.abq5358. Epub 2022 Oct 7.,Tegally H,,Science,2022,10.1126/science.abq5358
"How ""Subclinical"" is Subclinical Tuberculosis? An Analysis of National Prevalence Survey Data from Zambia","Stuck L, van Haaster AC, Kapata-Chanda P, Klinkenberg E, Kapata N, Cobelens F.",Clin Infect Dis. 2022 Sep 14;75(5):842-848. doi: 10.1093/cid/ciab1050.,Stuck L,,Clin Infect Dis,2022,10.1093/cid/ciab1050
Diagnostic tests to mitigate the antimicrobial resistance pandemic-Still the problem child,"Ferreyra C, Gleeson B, Kapona O, Mendelson M.",PLOS Glob Public Health. 2022 Jun 30;2(6):e0000710. doi: 10.1371/journal.pgph.0000710. eCollection 2022.,Ferreyra C,,PLOS Glob Public Health,2022,10.1371/journal.pgph.0000710
First report of Mycobacterium bovis in wild chacma baboons (Papio ursinus) at the human-wildlife interface area in Zambia,"Squarre D, Chizimu J, Nakajima C, Muma JB, Hang'ombe BM, Simulundu E, Mwasinga W, Katampi J, Fandamu P, Mukonka V, Suzuki Y, Sawa H, Munang'andu HM, Shanungu G, Chambaro HM, Munyeme M.",Transbound Emerg Dis. 2022 May;69(3):1659-1662. doi: 10.1111/tbed.14124. Epub 2021 May 17.,Squarre D,,Transbound Emerg Dis,2022,10.1111/tbed.14124
National action plan on antimicrobial resistance: An evaluation of implementation in the World Health Organization Africa region,"Fuller WL, Hamzat OT, Aboderin AO, Gahimbare L, Kapona O, Yahaya AA, Kasambara W, Nikiema JB, Ilboudo DW, Mpundu MM.",J Public Health Afr. 2022 Jul 27;13(2):2000. doi: 10.4081/jphia.2022.2000. eCollection 2022 Jul 26.,Fuller WL,,J Public Health Afr,2022,10.4081/jphia.2022.2000
"COVID-19 Vaccine Effectiveness Against Progression to In-Hospital Mortality in Zambia, 2021-2022","Chanda D, Hines JZ, Itoh M, Fwoloshi S, Minchella PA, Zyambo KD, Sivile S, Kampamba D, Chirwa B, Chanda R, Mutengo K, Kayembe MF, Chewe W, Chipimo P, Mweemba A, Agolory S, Mulenga LB.",Open Forum Infect Dis. 2022 Sep 11;9(9):ofac469. doi: 10.1093/ofid/ofac469. eCollection 2022 Sep.,Chanda D,,Open Forum Infect Dis,2022,10.1093/ofid/ofac469
"Cross-sectional study of face mask use during the COVID-19 pandemic-Lusaka and Mansa Districts, Zambia, December 2020","Kateule E, Banda I, Chika M, Tembo E, Akufuna K, Keembe K, Chikonka L, Mulenga MM, Musumba M, Mwakapushi K, Mwanansoka R, Tembo D, Mwansa S, Banda W, Bupe C, Chilufya FC, Hatyoka GM, Kabwe D, Katai B, Katongo DM, Moyo M, Mpundu M, Mukamba L, Musunse M, Namukanga L, Nyambe MN, Sakala M, Sakeyo J, Sepete C, Tembo C, Lubumba R, Tembo T, Mutati A, Kabwe PC, Sinyange N.",Pan Afr Med J. 2022 Apr 14;41:306. doi: 10.11604/pamj.2022.41.306.29854. eCollection 2022.,Kateule E,,Pan Afr Med J,2022,10.11604/pamj.2022.41.306.29854
Blue Skies research is essential for ending the Tuberculosis pandemic and advancing a personalized medicine approach for holistic management of Respiratory Tract infections,"Ntoumi F, Petersen E, Mwaba P, Aklillu E, Mfinanga S, Yeboah-Manu D, Maeurer M, Zumla A.",Int J Infect Dis. 2022 Nov;124 Suppl 1:S69-S74. doi: 10.1016/j.ijid.2022.03.012. Epub 2022 Mar 14.,Ntoumi F,,Int J Infect Dis,2022,10.1016/j.ijid.2022.03.012
Evaluation of SARS-CoV-2 diagnostics and risk factors associated with SARS-CoV-2 infection in Zambia,"Tembo J, Egbe NF, Maluzi K, Mulonga K, Chilufya M, Kapata N, Mukonka V, Simulundu E, Zumla A, Fwoloshi S, Mulenga L, Pallerla SR, Velavan TP, Bates M.",Int J Infect Dis. 2022 Jul;120:150-157. doi: 10.1016/j.ijid.2022.04.017. Epub 2022 Apr 12.,Tembo J,,Int J Infect Dis,2022,10.1016/j.ijid.2022.04.017
"Two-month follow-up of persons with SARS-CoV-2 infection-Zambia, September 2020: a cohort study","Zulu JE, Banda D, Hines JZ, Luchembe M, Sivile S, Siwingwa M, Kampamba D, Zyambo KD, Chirwa R, Chirwa L, Malambo W, Barradas D, Sinyange N, Agolory S, Mulenga LB, Fwoloshi S.",Pan Afr Med J. 2022 Jan 11;41:26. doi: 10.11604/pamj.2022.41.26.30721. eCollection 2022.,Zulu JE,,Pan Afr Med J,2022,10.11604/pamj.2022.41.26.30721
"Effectiveness of two doses of Euvichol-plus oral cholera vaccine in response to the 2017/2018 outbreak: a matched case-control study in Lusaka, Zambia","Sialubanje C, Kapina M, Chewe O, Matapo BB, Ngomah AM, Gianetti B, Ngosa W, Kasonde M, Musonda K, Mulenga M, Michelo C, Sinyange N, Bobo P, Zyambo K, Mazyanga L, Bakyaita N, Mukonka VM.",BMJ Open. 2022 Nov 11;12(11):e066945. doi: 10.1136/bmjopen-2022-066945.,Sialubanje C,,BMJ Open,2022,10.1136/bmjopen-2022-066945
Sexual Violence Prevalence and Related Pregnancy Among Girls and Young Women: A Multicountry Analysis,"Stamatakis CE, Sumner SA, Massetti G, Kress H, Basile KC, Marcelin LH, Cela T, Wadonda-Kabondo N, Onotu D, Ogbanufe O, Chipimo PJ, Conkling M, Apondi R, Aluzimbi G.",J Interpers Violence. 2022 Feb;37(3-4):NP2428-NP2441. doi: 10.1177/0886260520936366. Epub 2020 Jul 3.,Stamatakis CE,,J Interpers Violence,2022,10.1177/0886260520936366
"COVID-19 Vaccine Effectiveness during a Prison Outbreak when Omicron was the Dominant Circulating Variant-Zambia, December 2021","Simwanza J, Hines JZ, Sinyange D, Sinyange N, Mulenga C, Hanyinza S, Sakubita P, Langa N, Nowa H, Gardner P, Saasa N, Chitempa G, Simpungwe J, Malambo W, Hamainza B, Chipimo PJ, Kapata N, Kapina M, Musonda K, Liwewe M, Mwale C, Fwoloshi S, Mulenga LB, Agolory S, Mukonka V, Chilengi R.",Am J Trop Med Hyg. 2022 Sep 12;107(5):1055-1059. doi: 10.4269/ajtmh.22-0368. Print 2022 Nov 14.,Simwanza J,,Am J Trop Med Hyg,2022,10.4269/ajtmh.22-0368
"Treatment-Experienced Patients on Third-Line Therapy: A Retrospective Cohort of Treatment Outcomes at the HIV Advanced Treatment Centre, University Teaching Hospital, Zambia","Toeque MG, Lindsay B, Zulu PM, Hachaambwa L, Fwoloshi S, Chanda D, Stafford KA, Mupeta F, Siwingwa M, Mutinta M, Chirwa L, Riedel DJ, Claassen C, Mulenga L.",AIDS Res Hum Retroviruses. 2022 Oct;38(10):798-805. doi: 10.1089/AID.2021.0208. Epub 2022 Sep 22.,Toeque MG,,AIDS Res Hum Retroviruses,2022,10.1089/AID.2021.0208
"Genetic Diversity and Transmission of Multidrug-Resistant Mycobacterium tuberculosis strains in Lusaka, Zambia","Chizimu JY, Solo ES, Bwalya P, Kapalamula TF, Akapelwa ML, Lungu P, Shrestha D, Fukushima Y, Mukonka V, Thapa J, Nakajima C, Suzuki Y.",Int J Infect Dis. 2022 Jan;114:142-150. doi: 10.1016/j.ijid.2021.10.044. Epub 2021 Oct 27.,Chizimu JY,,Int J Infect Dis,2022,10.1016/j.ijid.2021.10.044
Characterization of embB mutations involved in ethambutol resistance in multi-drug resistant Mycobacterium tuberculosis isolates in Zambia,"Bwalya P, Solo ES, Chizimu JY, Shrestha D, Mbulo G, Thapa J, Nakajima C, Suzuki Y.",Tuberculosis (Edinb). 2022 Mar;133:102184. doi: 10.1016/j.tube.2022.102184. Epub 2022 Feb 24.,Bwalya P,,Tuberculosis (Edinb),2022,10.1016/j.tube.2022.102184
Tackling antimicrobial resistance across sub-Saharan Africa: current challenges and implications for the future,"Godman B, Egwuenu A, Wesangula E, Schellack N, Kalungia AC, Tiroyakgosi C, Kgatlwane J, Mwita JC, Patrick O, Niba LL, Amu AA, Oguntade RT, Alabi ME, Ncube NBQ, Sefah IA, Acolatse J, Incoom R, Guantai AN, Oluka M, Opanga S, Chikowe I, Khuluza F, Chiumia FK, Jana CE, Kalemeera F, Hango E, Fadare J, Ogunleye OO, Ebruke BE, Meyer JC, Massele A, Malande OO, Kibuule D, Kapona O, Zaranyika T, Bwakura-Dangarembizi M, Kujinga T, Saleem Z, Kurdi A, Shahwan M, Jairoun AA, Wale J, Brink AJ.",Expert Opin Drug Saf. 2022 Aug;21(8):1089-1111. doi: 10.1080/14740338.2022.2106368. Epub 2022 Aug 30.,Godman B,,Expert Opin Drug Saf,2022,10.1080/14740338.2022.2106368
"Genomic Surveillance of SARS-CoV-2 in the Southern Province of Zambia: Detection and Characterization of Alpha, Beta, Delta, and Omicron Variants of Concern","Katowa B, Kalonda A, Mubemba B, Matoba J, Shempela DM, Sikalima J, Kabungo B, Changula K, Chitanga S, Kasonde M, Kapona O, Kapata N, Musonda K, Monze M, Tembo J, Bates M, Zumla A, Sutcliffe CG, Kajihara M, Yamagishi J, Takada A, Sawa H, Chilengi R, Mukonka V, Muleya W, Simulundu E.",Viruses. 2022 Aug 24;14(9):1865. doi: 10.3390/v14091865.,Katowa B,,Viruses,2022,10.3390/v14091865
Gaps in the implementation of national core elements for sustainable antimicrobial use in the WHO-African region,"Fuller WL, Aboderin AO, Yahaya A, Adeyemo AT, Gahimbare L, Kapona O, Hamzat OT, Bassoum O.",Front Antibiot. 2022 Dec 2;1:1047565. doi: 10.3389/frabi.2022.1047565. eCollection 2022.,Fuller WL,,Front Antibiot,2022,10.3389/frabi.2022.1047565
"Gender disparities and associated factors to intention to getting a second dose of COVID-19 AstraZeneca vaccine among adult populations in selected facilities of Lusaka, Zambia","Jacobs C, Musonda NC, Tembo D, Simwaka M, Mwamba E, Munsaka SM, Shumba S.",PLOS Glob Public Health. 2022 Jul 20;2(7):e0000265. doi: 10.1371/journal.pgph.0000265. eCollection 2022.,Jacobs C,,PLOS Glob Public Health,2022,10.1371/journal.pgph.0000265
Luna Virus and Helminths in Wild Mastomys natalensis in Two Contrasting Habitats in Zambia: Risk Factors and Evidence of Virus Dissemination in Semen,"Munjita SM, Moonga G, Mukubesa AN, Ndebe J, Mubemba B, Vanaerschot M, Tato C, Tembo J, Kapata N, Chitanga S, Changula K, Kajihara M, Muleya W, Takada A, Fichet-Calvet E, Zumla A, Sawa H, Bates M, Munsaka S, Simulundu E.",Pathogens. 2022 Nov 14;11(11):1345. doi: 10.3390/pathogens11111345.,Munjita SM,,Pathogens,2022,10.3390/pathogens11111345
"Incidental Tuberculosis in sudden, unexpected, and violent deaths in the community Lusaka, Zambia - A descriptive forensic post-mortem examination study","Mucheleng'anga LA, Himwaze CM, Telendiy V, Simumba S, Soko J, Kayonde N, Mulenga B, Hamukale A, Shibemba AL, Lungu PS, Tembo J, Bates M, Chanda-Kapata P, Mwaba P, Kapata N, Ntoumi F, Zumla A.",Int J Infect Dis. 2022 Nov;124 Suppl 1:S75-S81. doi: 10.1016/j.ijid.2022.03.005. Epub 2022 Mar 11.,Mucheleng'anga LA,,Int J Infect Dis,2022,10.1016/j.ijid.2022.03.005
ERRATUM: Rapid and Simple Detection of Isoniazid-Resistant Mycobacterium tuberculosis Utilizing a DNA Chromatography-Based Technique,"Kodera T, Yamaguchi T, Fukushima Y, Kobayashi K, Takarada Y, Chizimu JY, Nakajima C, Solo ES, Lungu PS, Kawase M, Suzuki Y.",Jpn J Infect Dis. 2021;74(4):385. doi: 10.7883/yoken.JJID.2021.E001.,Kodera T,,Jpn J Infect Dis,2021,10.7883/yoken.JJID.2021.E001
"Global Tuberculosis Report 2020 - Reflections on the Global TB burden, treatment and prevention efforts","Chakaya J, Khan M, Ntoumi F, Aklillu E, Fatima R, Mwaba P, Kapata N, Mfinanga S, Hasnain SE, Katoto PDMC, Bulabula ANH, Sam-Agudu NA, Nachega JB, Tiberi S, McHugh TD, Abubakar I, Zumla A.",Int J Infect Dis. 2021 Dec;113 Suppl 1(Suppl 1):S7-S12. doi: 10.1016/j.ijid.2021.02.107. Epub 2021 Mar 11.,Chakaya J,,Int J Infect Dis,2021,10.1016/j.ijid.2021.02.107
Mosquito-Borne Viral Pathogens Detected in Zambia: A Systematic Review,"Velu RM, Kwenda G, Libonda L, Chisenga CC, Flavien BN, Chilyabanyama ON, Simunyandi M, Bosomprah S, Sande NC, Changula K, Muleya W, Mburu MM, Mubemba B, Chitanga S, Tembo J, Bates M, Kapata N, Orba Y, Kajihara M, Takada A, Sawa H, Chilengi R, Simulundu E.",Pathogens. 2021 Aug 10;10(8):1007. doi: 10.3390/pathogens10081007.,Velu RM,,Pathogens,2021,10.3390/pathogens10081007
"Three transmission events of Vibrio cholerae O1 into Lusaka, Zambia","Mwaba J, Debes AK, Murt KN, Shea P, Simuyandi M, Laban N, Kazimbaya K, Chisenga C, Li S, Almeida M, Meisel JS, Shibemba A, Kantenga T, Mukonka V, Kwenda G, Sack DA, Chilengi R, Stine OC.",BMC Infect Dis. 2021 Jun 14;21(1):570. doi: 10.1186/s12879-021-06259-5.,Mwaba J,,BMC Infect Dis,2021,10.1186/s12879-021-06259-5
"Prevalence of Severe Acute Respiratory Syndrome Coronavirus 2 Among Healthcare Workers-Zambia, July 2020","Fwoloshi S, Hines JZ, Barradas DT, Yingst S, Siwingwa M, Chirwa L, Zulu JE, Banda D, Wolkon A, Nikoi KI, Chirwa B, Kampamba D, Shibemba A, Sivile S, Zyambo KD, Chanda D, Mupeta F, Kapina M, Sinyange N, Kapata N, Zulu PM, Makupe A, Mweemba A, Mbewe N, Ziko L, Mukonka V, Mulenga LB, Malama K, Agolory S.",Clin Infect Dis. 2021 Sep 15;73(6):e1321-e1328. doi: 10.1093/cid/ciab273.,Fwoloshi S,,Clin Infect Dis,2021,10.1093/cid/ciab273
"Prevalence of SARS-CoV-2 in six districts in Zambia in July, 2020: a cross-sectional cluster sample survey","Mulenga LB, Hines JZ, Fwoloshi S, Chirwa L, Siwingwa M, Yingst S, Wolkon A, Barradas DT, Favaloro J, Zulu JE, Banda D, Nikoi KI, Kampamba D, Banda N, Chilopa B, Hanunka B, Stevens TL Jr, Shibemba A, Mwale C, Sivile S, Zyambo KD, Makupe A, Kapina M, Mweemba A, Sinyange N, Kapata N, Zulu PM, Chanda D, Mupeta F, Chilufya C, Mukonka V, Agolory S, Malama K.",Lancet Glob Health. 2021 Jun;9(6):e773-e781. doi: 10.1016/S2214-109X(21)00053-X. Epub 2021 Mar 9.,Mulenga LB,,Lancet Glob Health,2021,10.1016/S2214-109X(21)00053-X
Characterization of Mutations Associated with Streptomycin Resistance in Multidrug-Resistant Mycobacterium tuberculosis in Zambia,"Bwalya P, Yamaguchi T, Solo ES, Chizimu JY, Mbulo G, Nakajima C, Suzuki Y.",Antibiotics (Basel). 2021 Sep 26;10(10):1169. doi: 10.3390/antibiotics10101169.,Bwalya P,,Antibiotics (Basel),2021,10.3390/antibiotics10101169
Rapid and Simple Detection of Isoniazid-Resistant Mycobacterium tuberculosis Utilizing a DNA Chromatography-Based Technique,"Kodera T, Yamaguchi T, Fukushima Y, Kobayashi K, Takarada Y, Chizimu JY, Nakajima C, Solo ES, Lungu PS, Kawase M, Suzuki Y.",Jpn J Infect Dis. 2021 May 24;74(3):214-219. doi: 10.7883/yoken.JJID.2020.754. Epub 2020 Oct 30.,Kodera T,,Jpn J Infect Dis,2021,10.7883/yoken.JJID.2020.754
World Tuberculosis Day 2021 Theme - 'The Clock is Ticking' - and the world is running out of time to deliver the United Nations General Assembly commitments to End TB due to the COVID-19 pandemic,"Zumla A, Chakaya J, Khan M, Fatima R, Wejse C, Al-Abri S, Fox GJ, Nachega J, Kapata N, Knipper M, Orcutt M, Goscé L, Abubakar I, Nagu TJ, Mugusi F, Gordon AK, Shanmugam S, Bachmann NL, Lam C, Sintchenko V, Rudolf F, Amanullah F, Kock R, Haider N, Lipman M, King M, Maeurer M, Goletti D, Petrone L, Yaqoob A, Tiberi S, Ditiu L, Sahu S, Marais B, Issayeva AM, Petersen E.",Int J Infect Dis. 2021 Dec;113 Suppl 1(Suppl 1):S1-S6. doi: 10.1016/j.ijid.2021.03.046. Epub 2021 Mar 18.,Zumla A,,Int J Infect Dis,2021,10.1016/j.ijid.2021.03.046
"Characterization of Mycobacterium tuberculosis genotypes and their correlation to multidrug resistance in Lusaka, Zambia","Solo ES, Suzuki Y, Kaile T, Bwalya P, Lungu P, Chizimu JY, Shah Y, Nakajima C.",Int J Infect Dis. 2021 Jan;102:489-496. doi: 10.1016/j.ijid.2020.10.014. Epub 2020 Oct 12.,Solo ES,,Int J Infect Dis,2021,10.1016/j.ijid.2020.10.014
Interaction of Quinolones Carrying New R1 Group with Mycobacterium leprae DNA Gyrase,"Park JH, Yamaguchi T, Ouchi Y, Koide K, Pachanon R, Chizimu JY, Mori S, Kim H, Mukai T, Nakajima C, Suzuki Y.",Microb Drug Resist. 2021 Dec;27(12):1616-1623. doi: 10.1089/mdr.2020.0408. Epub 2021 Jun 1.,Park JH,,Microb Drug Resist,2021,10.1089/mdr.2020.0408
First COVID-19 case in Zambia - Comparative phylogenomic analyses of SARS-CoV-2 detected in African countries,"Simulundu E, Mupeta F, Chanda-Kapata P, Saasa N, Changula K, Muleya W, Chitanga S, Mwanza M, Simusika P, Chambaro H, Mubemba B, Kajihara M, Chanda D, Mulenga L, Fwoloshi S, Shibemba AL, Kapaya F, Zulu P, Musonda K, Monze M, Sinyange N, Mazaba ML, Kapin'a M, Chipimo PJ, Hamoonga R, Simwaba D, Ngosa W, Morales AN, Kayeyi N, Tembo J, Bates M, Orba Y, Sawa H, Takada A, Nalubamba KS, Malama K, Mukonka V, Zumla A, Kapata N.",Int J Infect Dis. 2021 Jan;102:455-459. doi: 10.1016/j.ijid.2020.09.1480. Epub 2020 Oct 6.,Simulundu E,,Int J Infect Dis,2021,10.1016/j.ijid.2020.09.1480
"Whole-Genome Sequencing Reveals Recent Transmission of Multidrug-Resistant Mycobacterium tuberculosis CAS1-Kili Strains in Lusaka, Zambia","Chizimu JY, Solo ES, Bwalya P, Tanomsridachchai W, Chambaro H, Shawa M, Kapalamula TF, Lungu P, Fukushima Y, Mukonka V, Thapa J, Nakajima C, Suzuki Y.",Antibiotics (Basel). 2021 Dec 28;11(1):29. doi: 10.3390/antibiotics11010029.,Chizimu JY,,Antibiotics (Basel),2021,10.3390/antibiotics11010029
Serologic and molecular evidence for circulation of Crimean-Congo hemorrhagic fever virus in ticks and cattle in Zambia,"Kajihara M, Simuunza M, Saasa N, Dautu G, Mori-Kajihara A, Qiu Y, Nakao R, Eto Y, Furumoto H, Hang'ombe BM, Orba Y, Sawa H, Simulundu E, Fukushi S, Morikawa S, Saijo M, Arikawa J, Kabilika S, Monze M, Mukonka V, Mweene A, Takada A, Yoshimatsu K.",PLoS Negl Trop Dis. 2021 Jun 1;15(6):e0009452. doi: 10.1371/journal.pntd.0009452. eCollection 2021 Jun.,Kajihara M,,PLoS Negl Trop Dis,2021,10.1371/journal.pntd.0009452
"Retrospective Review of Virologic and Immunologic Response in Treatment-Experienced Patients on Third-Line HIV Therapy in Lusaka, Zambia","Zulu PM, Toeque MG, Hachaambwa L, Chirwa L, Fwoloshi S, Siwingwa M, Mbewe M, Rosser JI, Stafford KA, Lindsay B, Mulenga L, Claassen CW.",J Int Assoc Provid AIDS Care. 2021 Jan-Dec;20:23259582211022463. doi: 10.1177/23259582211022463.,Zulu PM,,J Int Assoc Provid AIDS Care,2021,10.1177/23259582211022463
"Minimizing the impact of the triple burden of COVID-19, tuberculosis and HIV on health services in sub-Saharan Africa","Nachega JB, Kapata N, Sam-Agudu NA, Decloedt EH, Katoto PDMC, Nagu T, Mwaba P, Yeboah-Manu D, Chanda-Kapata P, Ntoumi F, Geng EH, Zumla A.",Int J Infect Dis. 2021 Dec;113 Suppl 1:S16-S21. doi: 10.1016/j.ijid.2021.03.038. Epub 2021 Mar 20.,Nachega JB,,Int J Infect Dis,2021,10.1016/j.ijid.2021.03.038
Factors associated with private health facilities reporting malaria in the national health management information system in Zambia: a cross sectional study,"Gama A, Banda I, Kapaya F, Ingwe MM, Chiwaula J, Yeta A, Kawesha EC, Hamainza B, Chongwe G.",Pan Afr Med J. 2020 Oct 29;37:203. doi: 10.11604/pamj.2020.37.203.18829. eCollection 2020.,Gama A,,Pan Afr Med J,2020,10.11604/pamj.2020.37.203.18829
Zambia field epidemiology training program: strengthening health security through workforce development,"Kumar R, Kateule E, Sinyange N, Malambo W, Kayeye S, Chizema E, Chongwe G, Minor P, Kapina M, Baggett HC, Yard E, Mukonka V.",Pan Afr Med J. 2020 Aug 21;36:323. doi: 10.11604/pamj.2020.36.323.20917. eCollection 2020.,Kumar R,,Pan Afr Med J,2020,10.11604/pamj.2020.36.323.20917
COVID-19 and tuberculosis-threats and opportunities,"Zumla A, Marais BJ, McHugh TD, Maeurer M, Zumla A, Kapata N, Ntoumi F, Chanda-Kapata P, Mfinanga S, Centis R, Cirillo DM, Petersen E, Hui DS, Ippolito G, Leung CC, Migliori GB, Tiberi S.",Int J Tuberc Lung Dis. 2020 Aug 1;24(8):757-760. doi: 10.5588/ijtld.20.0387.,Zumla A,,Int J Tuberc Lung Dis,2020,10.5588/ijtld.20.0387
COVID-19 and malaria: A symptom screening challenge for malaria endemic countries,"Chanda-Kapata P, Kapata N, Zumla A.",Int J Infect Dis. 2020 May;94:151-153. doi: 10.1016/j.ijid.2020.04.007. Epub 2020 Apr 27.,Chanda-Kapata P,,Int J Infect Dis,2020,10.1016/j.ijid.2020.04.007
COVID-19-Zoonosis or Emerging Infectious Disease?,"Haider N, Rothman-Ostrow P, Osman AY, Arruda LB, Macfarlane-Berry L, Elton L, Thomason MJ, Yeboah-Manu D, Ansumana R, Kapata N, Mboera L, Rushton J, McHugh TD, Heymann DL, Zumla A, Kock RA.",Front Public Health. 2020 Nov 26;8:596944. doi: 10.3389/fpubh.2020.596944. eCollection 2020.,Haider N,,Front Public Health,2020,10.3389/fpubh.2020.596944
"Is Africa prepared for tackling the COVID-19 (SARS-CoV-2) epidemic. Lessons from past outbreaks, ongoing pan-African public health efforts, and implications for the future","Kapata N, Ihekweazu C, Ntoumi F, Raji T, Chanda-Kapata P, Mwaba P, Mukonka V, Bates M, Tembo J, Corman V, Mfinanga S, Asogun D, Elton L, Arruda LB, Thomason MJ, Mboera L, Yavlinsky A, Haider N, Simons D, Hollmann L, Lule SA, Veas F, Abdel Hamid MM, Dar O, Edwards S, Vairo F, McHugh TD, Drosten C, Kock R, Ippolito G, Zumla A.",Int J Infect Dis. 2020 Apr;93:233-236. doi: 10.1016/j.ijid.2020.02.049. Epub 2020 Feb 28.,Kapata N,,Int J Infect Dis,2020,10.1016/j.ijid.2020.02.049
Trends and factors associated with acute respiratory infection among under five children in Zambia: evidence from Zambia's demographic and health surveys (1996-2014),"Mulambya NL, Nanzaluka FH, Sinyangwe NN, Makasa M.",Pan Afr Med J. 2020 Jul 20;36:197. doi: 10.11604/pamj.2020.36.197.18799. eCollection 2020.,Mulambya NL,,Pan Afr Med J,2020,10.11604/pamj.2020.36.197.18799
"Risk and Protective Factors for Cholera Deaths during an Urban Outbreak-Lusaka, Zambia, 2017-2018","Mutale LS, Winstead AV, Sakubita P, Kapaya F, Nyimbili S, Mulambya NL, Nanzaluka FH, Gama A, Mwale V, Kim S, Ngosa W, Yard E, Sinyange N, Mintz E, Brunkard J, Mukonka V.",Am J Trop Med Hyg. 2020 Mar;102(3):534-540. doi: 10.4269/ajtmh.19-0678.,Mutale LS,,Am J Trop Med Hyg,2020,10.4269/ajtmh.19-0678
Identification of cholera hotspots in Zambia: A spatiotemporal analysis of cholera data from 2008 to 2017,"Mwaba J, Debes AK, Shea P, Mukonka V, Chewe O, Chisenga C, Simuyandi M, Kwenda G, Sack D, Chilengi R, Ali M.",PLoS Negl Trop Dis. 2020 Apr 15;14(4):e0008227. doi: 10.1371/journal.pntd.0008227. eCollection 2020 Apr.,Mwaba J,,PLoS Negl Trop Dis,2020,10.1371/journal.pntd.0008227
"Commemorating World TB Day 2020: ""IT'S TIME"" - It's time to End the Global TB Epidemic","Tiberi S, Migliori GB, Muhwa Chakaya J, Kaesava T, Al Abri SS, Wejse C, Goletti D, Kapata N, Sotgiu G, Bomanji J, Zellweger JP, Hasan R, Irfan M, Ahmed I, Pshenichnaya N, Vasilieva I, Yeboah-Manu D, Alffenaar JW, Kim HY, Centis R, Cirillo DM, Alagna R, D'Ambrosio L, Cui X, Cao B, Maeurer M, Harries AD, Ippolito G, Raviglione M, Zumla A, Petersen E.",Int J Infect Dis. 2020 Mar;92S:S1-S4. doi: 10.1016/j.ijid.2020.03.001. Epub 2020 Mar 4.,Tiberi S,,Int J Infect Dis,2020,10.1016/j.ijid.2020.03.001
Epidemiology of acute rubella infection in Zambia during the pre-vaccination period (2005-2016) as a baseline for monitoring rubella epidemiology in the post-rubella vaccine introduction era,"Mazaba ML, Siziya S, Monze M, Cohen D.",BMC Infect Dis. 2020 Feb 3;20(1):101. doi: 10.1186/s12879-020-4806-5.,Mazaba ML,,BMC Infect Dis,2020,10.1186/s12879-020-4806-5
Prevalence and correlates of active syphilis and HIV co-Infection among sexually active persons aged 15-59 years in Zambia: Results from the Zambia Population-based HIV Impact Assessment (ZAMPHIA) 2016,"Solomon H, Moraes AN, Williams DB, Fotso AS, Duong YT, Ndongmo CB, Voetsch AC, Patel H, Lupoli K, McAuley JB, Mulundu G, Kasongo W, Mulenga L.",PLoS One. 2020 Jul 24;15(7):e0236501. doi: 10.1371/journal.pone.0236501. eCollection 2020.,Solomon H,,PLoS One,2020,10.1371/journal.pone.0236501
"Alternative observational designs to estimate the effectiveness of one dose of oral cholera vaccine in Lusaka, Zambia","Ferreras E, Blake A, Chewe O, Mwaba J, Zulu G, Poncin M, Rakesh A, Page AL, Quilici ML, Azman AS, Cohuet S, Ciglenecki I, Malama K, Chizema-Kawesha E, Luquero FJ.",Epidemiol Infect. 2020 Mar 13;148:e78. doi: 10.1017/S095026882000062X.,Ferreras E,,Epidemiol Infect,2020,10.1017/S095026882000062X
EBOLA VIRUS DISEASE PREPAREDNESS IN COUNTRIES BORDERING DEMOCRATIC REPUBLIC OF CONGO: LESSONS FROM WEST AFRICAN OUTBREAK,"Okoror L, Kapona O, Kasonde M, E TA, Danny A, M OA.",Afr J Infect Dis. 2020 Jul 31;14(2):36-41. doi: 10.21010/ajid.v14i2.6. eCollection 2020.,Okoror L,,Afr J Infect Dis,2020,10.21010/ajid.v14i2.6
Mitigating the effect of the COVID-19 pandemic on sickle cell disease services in African countries,"Dexter D, Simons D, Kiyaga C, Kapata N, Ntoumi F, Kock R, Zumla A.",Lancet Haematol. 2020 Jun;7(6):e430-e432. doi: 10.1016/S2352-3026(20)30122-8. Epub 2020 Apr 23.,Dexter D,,Lancet Haematol,2020,10.1016/S2352-3026(20)30122-8
Advancing new diagnostic tests for latent tuberculosis infection due to multidrug-resistant strains of Mycobacterium tuberculosis - End of the road?,"Mwaba P, Chakaya JM, Petersen E, Wejse C, Zumla A, Kapata N.",Int J Infect Dis. 2020 Mar;92S:S69-S71. doi: 10.1016/j.ijid.2020.02.011. Epub 2020 Feb 28.,Mwaba P,,Int J Infect Dis,2020,10.1016/j.ijid.2020.02.011
Monkeypox - Enhancing public health preparedness for an emerging lethal human zoonotic epidemic threat in the wake of the smallpox post-eradication era,"Petersen E, Abubakar I, Ihekweazu C, Heymann D, Ntoumi F, Blumberg L, Asogun D, Mukonka V, Lule SA, Bates M, Honeyborne I, Mfinanga S, Mwaba P, Dar O, Vairo F, Mukhtar M, Kock R, McHugh TD, Ippolito G, Zumla A.",Int J Infect Dis. 2019 Jan;78:78-84. doi: 10.1016/j.ijid.2018.11.008. Epub 2018 Nov 16.,Petersen E,,Int J Infect Dis,2019,10.1016/j.ijid.2018.11.008
Recent advances in the development and evaluation of molecular diagnostics for Ebola virus disease,"Tembo J, Simulundu E, Changula K, Handley D, Gilbert M, Chilufya M, Asogun D, Ansumana R, Kapata N, Ntoumi F, Ippolito G, Zumla A, Bates M.",Expert Rev Mol Diagn. 2019 Apr;19(4):325-340. doi: 10.1080/14737159.2019.1595592. Epub 2019 Apr 5.,Tembo J,,Expert Rev Mol Diagn,2019,10.1080/14737159.2019.1595592
"Evaluating the costs of cholera illness and cost-effectiveness of a single dose oral vaccination campaign in Lusaka, Zambia","Tembo T, Simuyandi M, Chiyenu K, Sharma A, Chilyabanyama ON, Mbwili-Muleya C, Mazaba ML, Chilengi R.",PLoS One. 2019 May 31;14(5):e0215972. doi: 10.1371/journal.pone.0215972. eCollection 2019.,Tembo T,,PLoS One,2019,10.1371/journal.pone.0215972
"Factors associated with unfavourable tuberculosis treatment outcomes in Lusaka, Zambia, 2015: a secondary analysis of routine surveillance data","Nanzaluka FH, Chibuye S, Kasapo CC, Langa N, Nyimbili S, Moonga G, Kapata N, Kumar R, Chongwe G.",Pan Afr Med J. 2019 Apr 8;32:159. doi: 10.11604/pamj.2019.32.159.18472. eCollection 2019.,Nanzaluka FH,,Pan Afr Med J,2019,10.11604/pamj.2019.32.159.18472
"Delayed second dose of oral cholera vaccine administered before high-risk period for cholera transmission: Cholera control strategy in Lusaka, 2016","Ferreras E, Matapo B, Chizema-Kawesha E, Chewe O, Mzyece H, Blake A, Moonde L, Zulu G, Poncin M, Sinyange N, Kasese-Chanda N, Phiri C, Malama K, Mukonka V, Cohuet S, Uzzeni F, Ciglenecki I, Danovaro-Holliday MC, Luquero FJ, Pezzoli L.",PLoS One. 2019 Aug 30;14(8):e0219040. doi: 10.1371/journal.pone.0219040. eCollection 2019.,Ferreras E,,PLoS One,2019,10.1371/journal.pone.0219040
Care Continuum and Postdischarge Outcomes Among HIV-Infected Adults Admitted to the Hospital in Zambia,"Haachambwa L, Kandiwo N, Zulu PM, Rutagwera D, Geng E, Holmes CB, Sinkala E, Claassen CW, Mugavero MJ, Wa Mwanza M, Turan JM, Vinikoor MJ.",Open Forum Infect Dis. 2019 Jul 16;6(10):ofz336. doi: 10.1093/ofid/ofz336. eCollection 2019 Oct.,Haachambwa L,,Open Forum Infect Dis,2019,10.1093/ofid/ofz336
Antimicrobial resistance: a threat to global health,"Jee Y, Carlson J, Rafai E, Musonda K, Huong TTG, Daza P, Sattayawuthipong W, Yoon T.",Lancet Infect Dis. 2018 Sep;18(9):939-940. doi: 10.1016/S1473-3099(18)30471-7.,Jee Y,,Lancet Infect Dis,2018,10.1016/S1473-3099(18)30471-7
Global burden of tuberculosis: where we are and what to do,"Grobusch MP, Kapata N.",Lancet Infect Dis. 2018 Dec;18(12):1291-1293. doi: 10.1016/S1473-3099(18)30654-6.,Grobusch MP,,Lancet Infect Dis,2018,10.1016/S1473-3099(18)30654-6
Seroprevalence of Filovirus Infection of Rousettus aegyptiacus Bats in Zambia,"Changula K, Kajihara M, Mori-Kajihara A, Eto Y, Miyamoto H, Yoshida R, Shigeno A, Hang'ombe B, Qiu Y, Mwizabi D, Squarre D, Ndebe J, Ogawa H, Harima H, Simulundu E, Moonga L, Kapila P, Furuyama W, Kondoh T, Sato M, Takadate Y, Kaneko C, Nakao R, Mukonka V, Mweene A, Takada A.",J Infect Dis. 2018 Nov 22;218(suppl_5):S312-S317. doi: 10.1093/infdis/jiy266.,Changula K,,J Infect Dis,2018,10.1093/infdis/jiy266
A Multisectoral Emergency Response Approach to a Cholera Outbreak in Zambia: October 2017-February 2018,"Kapata N, Sinyange N, Mazaba ML, Musonda K, Hamoonga R, Kapina M, Zyambo K, Malambo W, Yard E, Riggs M, Narra R, Murphy J, Brunkard J, Azman AS, Monze N, Malama K, Mulwanda J, Mukonka VM.",J Infect Dis. 2018 Oct 15;218(suppl_3):S181-S183. doi: 10.1093/infdis/jiy490.,Kapata N,,J Infect Dis,2018,10.1093/infdis/jiy490
"Taking forward the Stop TB Partnership and World Health Organization Joint Theme for World TB Day March 24th 2018 - ""Wanted: Leaders for a TB-Free World. You can make history. End TB""","Tiberi S, Petersen E, Maeurer M, Ntoumi F, Yeboa-Manu D, Mwaba P, Vilaplana C, Dar O, Bates M, Corrah T, Rao M, Kapata N, Azhar EI, Memish ZA, Mfinanga S, Aseffa A, Ippolito G, Migliori GB, Zumla A.",Int J Infect Dis. 2018 Mar;68:122-124. doi: 10.1016/j.ijid.2018.03.002. Epub 2018 Mar 22.,Tiberi S,,Int J Infect Dis,2018,10.1016/j.ijid.2018.03.002
"A retrospective analysis of adverse obstetric and perinatal outcomes in adolescent pregnancy: the case of Luapula Province, Zambia","Moraes AN, Likwa RN, Nzala SH.",Matern Health Neonatol Perinatol. 2018 Oct 17;4:20. doi: 10.1186/s40748-018-0088-y. eCollection 2018.,Moraes AN,,Matern Health Neonatol Perinatol,2018,10.1186/s40748-018-0088-y